"PRIMARY_ID","TITLE_ID","URL"
"4","31021327","https://www.nutanix.com/jp"
"5","31021327","https://www.nissho-ele.co.jp/product/nutanix/concept.html"
"6","31021327","https://www.networld.co.jp/product/nutanix/"
"7","31021825","https://qiita.com/yama9112/items/ff829561238440437b99"
"8","31021825","https://qiita.com/mikan3rd/items/ba4737023f08bb2ca161"
"9","31021825","https://qiita.com/jeyei/items/2c385e4e0488a5fa2591"
"22","31102845","https://www.moxtra.com/service6"
"23","31102845","https://stage.doch.jp/web"
"24","31102845","https://nissho.moxtra.com/web/"
"38","31045036","http://localhost:8080/"
"39","31045036","http://localhost:8080/"
"40","31045036","http://localhost:8080/"
"42","1052313","https://www.tagindex.com/html_tag/elements/inline.html"
"43","1052313","https://saruwakakun.com/html-css/basic/display#section3"
"44","1052313","http://honttoni.blog74.fc2.com/blog-entry-214.html"
"46","1053951","https://dev.mysql.com/doc/"
"47","1053951","https://www.kagoya.jp/howto/webhomepage/mysql/"
"48","1053951","https://26gram.com/mysql"
